[{"model": "contenttypes.contenttype", "pk": 1, "fields": {"app_label": "admin", "model": "logentry"}}, {"model": "contenttypes.contenttype", "pk": 2, "fields": {"app_label": "auth", "model": "permission"}}, {"model": "contenttypes.contenttype", "pk": 3, "fields": {"app_label": "auth", "model": "group"}}, {"model": "contenttypes.contenttype", "pk": 4, "fields": {"app_label": "contenttypes", "model": "contenttype"}}, {"model": "contenttypes.contenttype", "pk": 5, "fields": {"app_label": "sessions", "model": "session"}}, {"model": "contenttypes.contenttype", "pk": 6, "fields": {"app_label": "reviews", "model": "category"}}, {"model": "contenttypes.contenttype", "pk": 7, "fields": {"app_label": "reviews", "model": "comment"}}, {"model": "contenttypes.contenttype", "pk": 8, "fields": {"app_label": "reviews", "model": "review"}}, {"model": "contenttypes.contenttype", "pk": 9, "fields": {"app_label": "reviews", "model": "title"}}, {"model": "contenttypes.contenttype", "pk": 10, "fields": {"app_label": "users", "model": "user"}}, {"model": "contenttypes.contenttype", "pk": 11, "fields": {"app_label": "titles", "model": "category"}}, {"model": "contenttypes.contenttype", "pk": 12, "fields": {"app_label": "titles", "model": "genre"}}, {"model": "contenttypes.contenttype", "pk": 13, "fields": {"app_label": "titles", "model": "title"}}, {"model": "sessions.session", "pk": "v51czbf1rbw57wflwuc5d2elnznb1ew8", "fields": {"session_data": "Njk4YTJkYTJhZjMwMmEyODE0Yjc5YzNiY2M5Njg0NWM4NGMwMTE4Mjp7Il9hdXRoX3VzZXJfaWQiOiIxIiwiX2F1dGhfdXNlcl9iYWNrZW5kIjoiZGphbmdvLmNvbnRyaWIuYXV0aC5iYWNrZW5kcy5Nb2RlbEJhY2tlbmQiLCJfYXV0aF91c2VyX2hhc2giOiI5ZTE0NTZjNWNiNTRjNDVkZGFhNmQzZjNiMjAxMzcwOGIxNDIyMTc3In0=", "expire_date": "2021-05-11T08:34:14.132Z"}}, {"model": "sessions.session", "pk": "v9d577e0axm0nx9kemypczq4p71zqy2r", "fields": {"session_data": "Njk4YTJkYTJhZjMwMmEyODE0Yjc5YzNiY2M5Njg0NWM4NGMwMTE4Mjp7Il9hdXRoX3VzZXJfaWQiOiIxIiwiX2F1dGhfdXNlcl9iYWNrZW5kIjoiZGphbmdvLmNvbnRyaWIuYXV0aC5iYWNrZW5kcy5Nb2RlbEJhY2tlbmQiLCJfYXV0aF91c2VyX2hhc2giOiI5ZTE0NTZjNWNiNTRjNDVkZGFhNmQzZjNiMjAxMzcwOGIxNDIyMTc3In0=", "expire_date": "2021-05-09T14:20:08.029Z"}}, {"model": "titles.category", "pk": 1, "fields": {"name": "\u0424\u0438\u043b\u044c\u043c", "slug": "film"}}, {"model": "titles.category", "pk": 2, "fields": {"name": "\u041a\u043d\u0438\u0433\u0430", "slug": "kniga"}}, {"model": "titles.category", "pk": 3, "fields": {"name": "\u041c\u0443\u0437\u044b\u043a\u0430", "slug": "muzyika"}}, {"model": "titles.category", "pk": 5, "fields": {"name": "\u0421\u0442\u0438\u0445", "slug": "stih"}}, {"model": "titles.category", "pk": 6, "fields": {"name": "\u041f\u0440\u043e\u0437\u0430", "slug": "proza"}}, {"model": "titles.category", "pk": 7, "fields": {"name": "\u0421\u0442\u0430\u0442\u0443\u044f", "slug": "statuya"}}, {"model": "titles.category", "pk": 8, "fields": {"name": "\u0421\u0442\u0430\u0442\u0443\u044d\u0442\u043a\u0430", "slug": "statuetka"}}, {"model": "titles.genre", "pk": 1, "fields": {"name": "\u0414\u0440\u0430\u043c\u0430", "slug": "drama"}}, {"model": "titles.genre", "pk": 2, "fields": {"name": "\u041a\u043e\u043c\u0435\u0434\u0438\u044f", "slug": "komediya"}}, {"model": "titles.genre", "pk": 3, "fields": {"name": "\u0412\u0435\u0441\u0442\u0435\u0440\u043d", "slug": "vestern"}}, {"model": "titles.genre", "pk": 4, "fields": {"name": "\u0424\u044d\u043d\u0442\u0435\u0437\u0438", "slug": "fentezi"}}, {"model": "titles.genre", "pk": 5, "fields": {"name": "\u0424\u0430\u043d\u0442\u0430\u0441\u0442\u0438\u043a\u0430", "slug": "fantastika"}}, {"model": "titles.genre", "pk": 6, "fields": {"name": "\u0414\u0435\u0442\u0435\u043a\u0442\u0438\u0432", "slug": "detektiv"}}, {"model": "titles.genre", "pk": 7, "fields": {"name": "\u0422\u0440\u0438\u043b\u043b\u0435\u0440", "slug": "triller"}}, {"model": "titles.genre", "pk": 8, "fields": {"name": "\u0421\u043a\u0430\u0437\u043a\u0430", "slug": "skazka"}}, {"model": "titles.genre", "pk": 9, "fields": {"name": "\u0413\u043e\u043d\u0437\u043e", "slug": "gonzo"}}, {"model": "titles.genre", "pk": 10, "fields": {"name": "\u0420\u043e\u043c\u0430\u043d", "slug": "roman"}}, {"model": "titles.genre", "pk": 11, "fields": {"name": "\u0411\u0430\u043b\u043b\u0430\u0434\u0430", "slug": "ballada"}}, {"model": "titles.genre", "pk": 12, "fields": {"name": "Rock-n-roll", "slug": "rock-n-roll"}}, {"model": "titles.genre", "pk": 13, "fields": {"name": "\u041a\u043b\u0430\u0441\u0441\u0438\u043a\u0430", "slug": "klassika"}}, {"model": "titles.genre", "pk": 14, "fields": {"name": "\u0420\u043e\u043a", "slug": "rok"}}, {"model": "titles.genre", "pk": 15, "fields": {"name": "\u0428\u0430\u043d\u0441\u043e\u043d", "slug": "shanson"}}, {"model": "titles.genre", "pk": 17, "fields": {"name": "\u0410\u043b\u044c\u0442\u0435\u0440\u043d\u0430\u0442\u0438\u0432\u0430", "slug": "alternativa"}}, {"model": "titles.genre", "pk": 18, "fields": {"name": "\u0421\u043e\u0443\u043b", "slug": "soul"}}, {"model": "titles.title", "pk": 1, "fields": {"name": "\u041f\u043e\u0431\u0435\u0433 \u0438\u0437 \u0428\u043e\u0443\u0448\u0435\u043d\u043a\u0430", "year": 1994, "description": "\u041f\u043e\u0431\u0435\u0433 \u0438\u0437 \u0428\u043e\u0443\u0448\u0435\u043d\u043a\u0430", "category": 1, "genre": [1, 2]}}, {"model": "titles.title", "pk": 2, "fields": {"name": "\u041a\u0440\u0435\u0441\u0442\u043d\u044b\u0439 \u043e\u0442\u0435\u0446", "year": 1972, "description": "\u041a\u0440\u0435\u0441\u0442\u043d\u044b\u0439 \u043e\u0442\u0435\u0446", "category": 1, "genre": [2, 3]}}, {"model": "titles.title", "pk": 3, "fields": {"name": "12 \u0440\u0430\u0437\u0433\u043d\u0435\u0432\u0430\u043d\u043d\u044b\u0445 \u043c\u0443\u0436\u0447\u0438\u043d", "year": 1957, "description": "12 \u0440\u0430\u0437\u0433\u043d\u0435\u0432\u0430\u043d\u043d\u044b\u0445 \u043c\u0443\u0436\u0447\u0438\u043d", "category": 1, "genre": [4]}}, {"model": "titles.title", "pk": 4, "fields": {"name": "\u0421\u043f\u0438\u0441\u043e\u043a \u0428\u0438\u043d\u0434\u043b\u0435\u0440\u0430", "year": 1993, "description": "\u0421\u043f\u0438\u0441\u043e\u043a \u0428\u0438\u043d\u0434\u043b\u0435\u0440\u0430", "category": 1, "genre": [5]}}, {"model": "titles.title", "pk": 5, "fields": {"name": "\u041a\u0440\u0438\u043c\u0438\u043d\u0430\u043b\u044c\u043d\u043e\u0435 \u0447\u0442\u0438\u0432\u043e", "year": 1994, "description": "\u041a\u0440\u0438\u043c\u0438\u043d\u0430\u043b\u044c\u043d\u043e\u0435 \u0447\u0442\u0438\u0432\u043e", "category": 1, "genre": []}}, {"model": "titles.title", "pk": 6, "fields": {"name": "\u0425\u043e\u0440\u043e\u0448\u0438\u0439, \u043f\u043b\u043e\u0445\u043e\u0439, \u0437\u043b\u043e\u0439", "year": 1966, "description": "\u0425\u043e\u0440\u043e\u0448\u0438\u0439, \u043f\u043b\u043e\u0445\u043e\u0439, \u0437\u043b\u043e\u0439", "category": 1, "genre": []}}, {"model": "titles.title", "pk": 7, "fields": {"name": "\u0412\u043b\u0430\u0441\u0442\u0435\u043b\u0438\u043d \u043a\u043e\u043b\u0435\u0446: \u0411\u0440\u0430\u0442\u0441\u0442\u0432\u043e \u043a\u043e\u043b\u044c\u0446\u0430", "year": 2001, "description": "\u0412\u043b\u0430\u0441\u0442\u0435\u043b\u0438\u043d \u043a\u043e\u043b\u0435\u0446: \u0411\u0440\u0430\u0442\u0441\u0442\u0432\u043e \u043a\u043e\u043b\u044c\u0446\u0430", "category": 1, "genre": []}}, {"model": "titles.title", "pk": 8, "fields": {"name": "\u0411\u043e\u0439\u0446\u043e\u0432\u0441\u043a\u0438\u0439 \u043a\u043b\u0443\u0431", "year": 1999, "description": "\u0411\u043e\u0439\u0446\u043e\u0432\u0441\u043a\u0438\u0439 \u043a\u043b\u0443\u0431", "category": 1, "genre": []}}, {"model": "titles.title", "pk": 9, "fields": {"name": "\u0424\u043e\u0440\u0440\u0435\u0441\u0442 \u0413\u0430\u043c\u043f", "year": 1994, "description": "\u0424\u043e\u0440\u0440\u0435\u0441\u0442 \u0413\u0430\u043c\u043f", "category": 1, "genre": []}}, {"model": "titles.title", "pk": 10, "fields": {"name": "\u0417\u0432\u0451\u0437\u0434\u043d\u044b\u0435 \u0432\u043e\u0439\u043d\u044b. \u042d\u043f\u0438\u0437\u043e\u0434 5: \u0418\u043c\u043f\u0435\u0440\u0438\u044f \u043d\u0430\u043d\u043e\u0441\u0438\u0442 \u043e\u0442\u0432\u0435\u0442\u043d\u044b\u0439 \u0443\u0434\u0430\u0440", "year": 1980, "description": "\u0417\u0432\u0451\u0437\u0434\u043d\u044b\u0435 \u0432\u043e\u0439\u043d\u044b. \u042d\u043f\u0438\u0437\u043e\u0434 5: \u0418\u043c\u043f\u0435\u0440\u0438\u044f \u043d\u0430\u043d\u043e\u0441\u0438\u0442 \u043e\u0442\u0432\u0435\u0442\u043d\u044b\u0439 \u0443\u0434\u0430\u0440", "category": 1, "genre": []}}, {"model": "titles.title", "pk": 11, "fields": {"name": "\u0412\u043b\u0430\u0441\u0442\u0435\u043b\u0438\u043d \u043a\u043e\u043b\u0435\u0446: \u0414\u0432\u0435 \u043a\u0440\u0435\u043f\u043e\u0441\u0442\u0438", "year": 2002, "description": "\u0412\u043b\u0430\u0441\u0442\u0435\u043b\u0438\u043d \u043a\u043e\u043b\u0435\u0446: \u0414\u0432\u0435 \u043a\u0440\u0435\u043f\u043e\u0441\u0442\u0438", "category": 1, "genre": []}}, {"model": "titles.title", "pk": 12, "fields": {"name": "\u041c\u0430\u0442\u0440\u0438\u0446\u0430", "year": 1999, "description": "\u041c\u0430\u0442\u0440\u0438\u0446\u0430", "category": 1, "genre": []}}, {"model": "titles.title", "pk": 13, "fields": {"name": "\u041f\u0440\u043e\u043b\u0435\u0442\u0430\u044f \u043d\u0430\u0434 \u0433\u043d\u0435\u0437\u0434\u043e\u043c \u043a\u0443\u043a\u0443\u0448\u043a\u0438", "year": 1975, "description": "\u041f\u0440\u043e\u043b\u0435\u0442\u0430\u044f \u043d\u0430\u0434 \u0433\u043d\u0435\u0437\u0434\u043e\u043c \u043a\u0443\u043a\u0443\u0448\u043a\u0438", "category": 1, "genre": []}}, {"model": "titles.title", "pk": 14, "fields": {"name": "\u041d\u0430\u0437\u0430\u0434 \u0432 \u0431\u0443\u0434\u0443\u0449\u0435\u0435", "year": 1985, "description": "\u041d\u0430\u0437\u0430\u0434 \u0432 \u0431\u0443\u0434\u0443\u0449\u0435\u0435", "category": 1, "genre": []}}, {"model": "titles.title", "pk": 15, "fields": {"name": "\u041e\u043f\u0435\u0440\u0430\u0446\u0438\u044f \u00ab\u042b\u00bb \u0438 \u0434\u0440\u0443\u0433\u0438\u0435 \u043f\u0440\u0438\u043a\u043b\u044e\u0447\u0435\u043d\u0438\u044f \u0428\u0443\u0440\u0438\u043a\u0430", "year": 1965, "description": "\u041e\u043f\u0435\u0440\u0430\u0446\u0438\u044f \u00ab\u042b\u00bb \u0438 \u0434\u0440\u0443\u0433\u0438\u0435 \u043f\u0440\u0438\u043a\u043b\u044e\u0447\u0435\u043d\u0438\u044f \u0428\u0443\u0440\u0438\u043a\u0430", "category": 1, "genre": []}}, {"model": "titles.title", "pk": 16, "fields": {"name": "\u041a\u0430\u0440\u0442\u044b, \u0434\u0435\u043d\u044c\u0433\u0438, \u0434\u0432\u0430 \u0441\u0442\u0432\u043e\u043b\u0430", "year": 1998, "description": "\u041a\u0430\u0440\u0442\u044b, \u0434\u0435\u043d\u044c\u0433\u0438, \u0434\u0432\u0430 \u0441\u0442\u0432\u043e\u043b\u0430", "category": 1, "genre": []}}, {"model": "titles.title", "pk": 17, "fields": {"name": "\u0414\u0436\u0435\u043d\u0442\u043b\u044c\u043c\u0435\u043d\u044b \u0443\u0434\u0430\u0447\u0438", "year": 1971, "description": "\u0414\u0436\u0435\u043d\u0442\u043b\u044c\u043c\u0435\u043d\u044b \u0443\u0434\u0430\u0447\u0438", "category": 1, "genre": []}}, {"model": "titles.title", "pk": 18, "fields": {"name": "\u0414\u0436\u0430\u043d\u0433\u043e \u043e\u0441\u0432\u043e\u0431\u043e\u0436\u0434\u0435\u043d\u043d\u044b\u0439", "year": 2012, "description": "\u0414\u0436\u0430\u043d\u0433\u043e \u043e\u0441\u0432\u043e\u0431\u043e\u0436\u0434\u0435\u043d\u043d\u044b\u0439", "category": 1, "genre": []}}, {"model": "titles.title", "pk": 19, "fields": {"name": "Generation \u041f", "year": 2011, "description": "Generation \u041f", "category": 1, "genre": []}}, {"model": "titles.title", "pk": 20, "fields": {"name": "\u041a\u043e\u043b\u043e\u0431\u043e\u043a", "year": 1873, "description": "\u041a\u043e\u043b\u043e\u0431\u043e\u043a", "category": 2, "genre": []}}, {"model": "titles.title", "pk": 21, "fields": {"name": "\u0421\u0442\u0440\u0430\u0445 \u0438 \u043d\u0435\u043d\u0430\u0432\u0438\u0441\u0442\u044c \u0432 \u041b\u0430\u0441-\u0412\u0435\u0433\u0430\u0441\u0435", "year": 1971, "description": "\u0421\u0442\u0440\u0430\u0445 \u0438 \u043d\u0435\u043d\u0430\u0432\u0438\u0441\u0442\u044c \u0432 \u041b\u0430\u0441-\u0412\u0435\u0433\u0430\u0441\u0435", "category": 2, "genre": []}}, {"model": "titles.title", "pk": 22, "fields": {"name": "\u0412\u043e\u0439\u043d\u0430 \u0438 \u043c\u0438\u0440", "year": 1865, "description": "\u0412\u043e\u0439\u043d\u0430 \u0438 \u043c\u0438\u0440", "category": 2, "genre": []}}, {"model": "titles.title", "pk": 23, "fields": {"name": "\u0423\u043b\u0438\u0441\u0441", "year": 1918, "description": "\u0423\u043b\u0438\u0441\u0441", "category": 2, "genre": []}}, {"model": "titles.title", "pk": 24, "fields": {"name": "Generation \u041f", "year": 1999, "description": "Generation \u041f", "category": 2, "genre": []}}, {"model": "titles.title", "pk": 25, "fields": {"name": "\u0412\u0438\u043d\u043d\u0438 \u041f\u0443\u0445 \u0438 \u0432\u0441\u0435-\u0432\u0441\u0435-\u0432\u0441\u0435", "year": 1926, "description": "\u0412\u0438\u043d\u043d\u0438 \u041f\u0443\u0445 \u0438 \u0432\u0441\u0435-\u0432\u0441\u0435-\u0432\u0441\u0435", "category": 2, "genre": []}}, {"model": "titles.title", "pk": 26, "fields": {"name": "\u0421\u0442\u0430\u0441 \u041c\u0438\u0445\u0430\u0439\u043b\u043e\u0432 - \u041f\u043e\u0437\u044b\u0432\u043d\u044b\u0435 \u043d\u0430 \u043b\u044e\u0431\u043e\u0432\u044c", "year": 2004, "description": "\u0421\u0442\u0430\u0441 \u041c\u0438\u0445\u0430\u0439\u043b\u043e\u0432 - \u041f\u043e\u0437\u044b\u0432\u043d\u044b\u0435 \u043d\u0430 \u043b\u044e\u0431\u043e\u0432\u044c", "category": 3, "genre": []}}, {"model": "titles.title", "pk": 27, "fields": {"name": "Led Zeppelin \u2014 Stairway to Heaven", "year": 1971, "description": "Led Zeppelin \u2014 Stairway to Heaven", "category": 3, "genre": []}}, {"model": "titles.title", "pk": 28, "fields": {"name": "Jethro Tull - Aqualung", "year": 1971, "description": "Jethro Tull - Aqualung", "category": 3, "genre": []}}, {"model": "titles.title", "pk": 29, "fields": {"name": "Elvis Presley - Blue Suede Shoes", "year": 1955, "description": "Elvis Presley - Blue Suede Shoes", "category": 3, "genre": []}}, {"model": "titles.title", "pk": 30, "fields": {"name": "Deep Purple \u2014 Smoke on the Water", "year": 1971, "description": "Deep Purple \u2014 Smoke on the Water", "category": 3, "genre": []}}, {"model": "titles.title", "pk": 31, "fields": {"name": "\u041c\u043e\u0446\u0430\u0440\u0442 - \u0422\u0443\u0440\u0435\u0446\u043a\u0438\u0439 \u043c\u0430\u0440\u0448", "year": 1784, "description": "\u041c\u043e\u0446\u0430\u0440\u0442 - \u0422\u0443\u0440\u0435\u0446\u043a\u0438\u0439 \u043c\u0430\u0440\u0448", "category": 3, "genre": []}}, {"model": "titles.title", "pk": 32, "fields": {"name": "\u0411\u0430\u0445. \u041e\u0440\u043a\u0435\u0441\u0442\u0440\u043e\u0432\u0430\u044f \u0421\u044e\u0438\u0442\u0430 \u21162 \u0441\u0438 \u043c\u0438\u043d\u043e\u0440", "year": 1739, "description": "\u0411\u0430\u0445. \u041e\u0440\u043a\u0435\u0441\u0442\u0440\u043e\u0432\u0430\u044f \u0421\u044e\u0438\u0442\u0430 \u21162 \u0441\u0438 \u043c\u0438\u043d\u043e\u0440", "category": 3, "genre": []}}, {"model": "titles.title", "pk": 33, "fields": {"name": "\u0422\u0435\u043c\u043d\u0430\u044f \u0411\u0430\u0448\u043d\u044f", "year": 1987, "description": "", "category": null, "genre": []}}, {"model": "titles.title", "pk": 34, "fields": {"name": "\u0428\u0435\u0440\u043b\u043e\u043a \u0425\u043e\u043b\u043c\u0441 \u0438 \u0414\u043e\u043a\u0442\u043e\u0440 \u0412\u0430\u0442\u0441\u043e\u043d", "year": 1899, "description": "\u0428\u0435\u0440\u043b\u043e\u043a \u0425\u043e\u043b\u043c\u0441 \u0438 \u0414\u043e\u043a\u0442\u043e\u0440 \u0412\u0430\u0442\u0441\u043e\u043d", "category": null, "genre": []}}, {"model": "titles.title", "pk": 39, "fields": {"name": "\u0410\u0439\u0444\u0430\u043a2", "year": 2016, "description": "\u0410\u0439\u0444\u0430\u043a2", "category": 7, "genre": [18]}}, {"model": "titles.title", "pk": 42, "fields": {"name": "\u041d\u0430\u0437\u0430\u0434 \u0432 \u0431\u0443\u0434\u0443\u0449\u0435\u0435", "year": 1985, "description": "\u041d\u0430\u0437\u0430\u0434 \u0432 \u0431\u0443\u0434\u0443\u0449\u0435\u0435", "category": 1, "genre": [5, 3]}}, {"model": "titles.title", "pk": 43, "fields": {"name": "\u041d\u0430\u0437\u0430\u0434 \u0432 \u0431\u0443\u0434\u0443\u0449\u0435\u0435", "year": 1985, "description": "\u041d\u0430\u0437\u0430\u0434 \u0432 \u0431\u0443\u0434\u0443\u0449\u0435\u0435", "category": 1, "genre": [5, 3]}}, {"model": "titles.title", "pk": 44, "fields": {"name": "\u041d\u0430\u0437\u0430\u0434 \u0432 \u0431\u0443\u0434\u0443\u0449\u0435\u0435", "year": 1985, "description": "\u041d\u0430\u0437\u0430\u0434 \u0432 \u0431\u0443\u0434\u0443\u0449\u0435\u0435", "category": 1, "genre": [5, 3]}}, {"model": "titles.title", "pk": 45, "fields": {"name": "\u041f\u043e\u0432\u043e\u0440\u043e\u0442 \u0442\u0443\u0434\u0430", "year": 2000, "description": "\u041a\u0440\u0443\u0442\u043e\u0435 \u043f\u0438\u043a\u0435", "category": 1, "genre": [5, 3]}}, {"model": "titles.title", "pk": 46, "fields": {"name": "\u0424\u0438\u043b\u044c\u043c 1", "year": 2000, "description": "\u041a\u0440\u0443\u0442\u043e\u0435 \u043f\u0438\u043a\u0435", "category": null, "genre": []}}, {"model": "titles.title", "pk": 47, "fields": {"name": "\u0424\u0438\u043b\u044c\u043c 2", "year": 2000, "description": "\u041a\u0440\u0443\u0442\u043e\u0435 \u043f\u0438\u043a\u0435", "category": null, "genre": []}}, {"model": "titles.title", "pk": 48, "fields": {"name": "\u0424\u0438\u043b\u044c\u043c 3", "year": 2000, "description": "\u041a\u0440\u0443\u0442\u043e\u0435 \u043f\u0438\u043a\u0435", "category": null, "genre": []}}, {"model": "titles.title", "pk": 49, "fields": {"name": "\u0424\u0438\u043b\u044c\u043c 4", "year": 2000, "description": "\u041a\u0440\u0443\u0442\u043e\u0435 \u043f\u0438\u043a\u0435", "category": 1, "genre": []}}, {"model": "titles.title", "pk": 50, "fields": {"name": "\u0424\u0438\u043b\u044c\u043c 5", "year": 2000, "description": "\u041a\u0440\u0443\u0442\u043e\u0435 \u043f\u0438\u043a\u0435", "category": 1, "genre": [5, 3]}}, {"model": "auth.permission", "pk": 1, "fields": {"name": "Can add log entry", "content_type": 1, "codename": "add_logentry"}}, {"model": "auth.permission", "pk": 2, "fields": {"name": "Can change log entry", "content_type": 1, "codename": "change_logentry"}}, {"model": "auth.permission", "pk": 3, "fields": {"name": "Can delete log entry", "content_type": 1, "codename": "delete_logentry"}}, {"model": "auth.permission", "pk": 4, "fields": {"name": "Can view log entry", "content_type": 1, "codename": "view_logentry"}}, {"model": "auth.permission", "pk": 5, "fields": {"name": "Can add permission", "content_type": 2, "codename": "add_permission"}}, {"model": "auth.permission", "pk": 6, "fields": {"name": "Can change permission", "content_type": 2, "codename": "change_permission"}}, {"model": "auth.permission", "pk": 7, "fields": {"name": "Can delete permission", "content_type": 2, "codename": "delete_permission"}}, {"model": "auth.permission", "pk": 8, "fields": {"name": "Can view permission", "content_type": 2, "codename": "view_permission"}}, {"model": "auth.permission", "pk": 9, "fields": {"name": "Can add group", "content_type": 3, "codename": "add_group"}}, {"model": "auth.permission", "pk": 10, "fields": {"name": "Can change group", "content_type": 3, "codename": "change_group"}}, {"model": "auth.permission", "pk": 11, "fields": {"name": "Can delete group", "content_type": 3, "codename": "delete_group"}}, {"model": "auth.permission", "pk": 12, "fields": {"name": "Can view group", "content_type": 3, "codename": "view_group"}}, {"model": "auth.permission", "pk": 13, "fields": {"name": "Can add content type", "content_type": 4, "codename": "add_contenttype"}}, {"model": "auth.permission", "pk": 14, "fields": {"name": "Can change content type", "content_type": 4, "codename": "change_contenttype"}}, {"model": "auth.permission", "pk": 15, "fields": {"name": "Can delete content type", "content_type": 4, "codename": "delete_contenttype"}}, {"model": "auth.permission", "pk": 16, "fields": {"name": "Can view content type", "content_type": 4, "codename": "view_contenttype"}}, {"model": "auth.permission", "pk": 17, "fields": {"name": "Can add session", "content_type": 5, "codename": "add_session"}}, {"model": "auth.permission", "pk": 18, "fields": {"name": "Can change session", "content_type": 5, "codename": "change_session"}}, {"model": "auth.permission", "pk": 19, "fields": {"name": "Can delete session", "content_type": 5, "codename": "delete_session"}}, {"model": "auth.permission", "pk": 20, "fields": {"name": "Can view session", "content_type": 5, "codename": "view_session"}}, {"model": "auth.permission", "pk": 21, "fields": {"name": "Can add category", "content_type": 6, "codename": "add_category"}}, {"model": "auth.permission", "pk": 22, "fields": {"name": "Can change category", "content_type": 6, "codename": "change_category"}}, {"model": "auth.permission", "pk": 23, "fields": {"name": "Can delete category", "content_type": 6, "codename": "delete_category"}}, {"model": "auth.permission", "pk": 24, "fields": {"name": "Can view category", "content_type": 6, "codename": "view_category"}}, {"model": "auth.permission", "pk": 25, "fields": {"name": "Can add comment", "content_type": 7, "codename": "add_comment"}}, {"model": "auth.permission", "pk": 26, "fields": {"name": "Can change comment", "content_type": 7, "codename": "change_comment"}}, {"model": "auth.permission", "pk": 27, "fields": {"name": "Can delete comment", "content_type": 7, "codename": "delete_comment"}}, {"model": "auth.permission", "pk": 28, "fields": {"name": "Can view comment", "content_type": 7, "codename": "view_comment"}}, {"model": "auth.permission", "pk": 29, "fields": {"name": "Can add review", "content_type": 8, "codename": "add_review"}}, {"model": "auth.permission", "pk": 30, "fields": {"name": "Can change review", "content_type": 8, "codename": "change_review"}}, {"model": "auth.permission", "pk": 31, "fields": {"name": "Can delete review", "content_type": 8, "codename": "delete_review"}}, {"model": "auth.permission", "pk": 32, "fields": {"name": "Can view review", "content_type": 8, "codename": "view_review"}}, {"model": "auth.permission", "pk": 33, "fields": {"name": "Can add title", "content_type": 9, "codename": "add_title"}}, {"model": "auth.permission", "pk": 34, "fields": {"name": "Can change title", "content_type": 9, "codename": "change_title"}}, {"model": "auth.permission", "pk": 35, "fields": {"name": "Can delete title", "content_type": 9, "codename": "delete_title"}}, {"model": "auth.permission", "pk": 36, "fields": {"name": "Can view title", "content_type": 9, "codename": "view_title"}}, {"model": "auth.permission", "pk": 37, "fields": {"name": "Can add user", "content_type": 10, "codename": "add_user"}}, {"model": "auth.permission", "pk": 38, "fields": {"name": "Can change user", "content_type": 10, "codename": "change_user"}}, {"model": "auth.permission", "pk": 39, "fields": {"name": "Can delete user", "content_type": 10, "codename": "delete_user"}}, {"model": "auth.permission", "pk": 40, "fields": {"name": "Can view user", "content_type": 10, "codename": "view_user"}}, {"model": "auth.permission", "pk": 41, "fields": {"name": "Can add category", "content_type": 11, "codename": "add_category"}}, {"model": "auth.permission", "pk": 42, "fields": {"name": "Can change category", "content_type": 11, "codename": "change_category"}}, {"model": "auth.permission", "pk": 43, "fields": {"name": "Can delete category", "content_type": 11, "codename": "delete_category"}}, {"model": "auth.permission", "pk": 44, "fields": {"name": "Can view category", "content_type": 11, "codename": "view_category"}}, {"model": "auth.permission", "pk": 45, "fields": {"name": "Can add genre", "content_type": 12, "codename": "add_genre"}}, {"model": "auth.permission", "pk": 46, "fields": {"name": "Can change genre", "content_type": 12, "codename": "change_genre"}}, {"model": "auth.permission", "pk": 47, "fields": {"name": "Can delete genre", "content_type": 12, "codename": "delete_genre"}}, {"model": "auth.permission", "pk": 48, "fields": {"name": "Can view genre", "content_type": 12, "codename": "view_genre"}}, {"model": "auth.permission", "pk": 49, "fields": {"name": "Can add title", "content_type": 13, "codename": "add_title"}}, {"model": "auth.permission", "pk": 50, "fields": {"name": "Can change title", "content_type": 13, "codename": "change_title"}}, {"model": "auth.permission", "pk": 51, "fields": {"name": "Can delete title", "content_type": 13, "codename": "delete_title"}}, {"model": "auth.permission", "pk": 52, "fields": {"name": "Can view title", "content_type": 13, "codename": "view_title"}}, {"model": "users.user", "pk": 1, "fields": {"password": "pbkdf2_sha256$180000$1YxYxWhjuiLr$SswXxwuA6Hk89yQkW7inranqcqmXqcxqVp4yAfLJWXY=", "last_login": "2021-04-27T08:34:14.058Z", "is_superuser": true, "username": "admin", "first_name": "", "last_name": "", "is_staff": true, "is_active": true, "date_joined": "2021-04-25T14:19:51.183Z", "email": "adm@adm.adm", "role": "user", "bio": "", "confirmation_code": "", "groups": [], "user_permissions": []}}, {"model": "users.user", "pk": 100, "fields": {"password": "", "last_login": null, "is_superuser": false, "username": "bingobongo", "first_name": "", "last_name": "", "is_staff": false, "is_active": true, "date_joined": "2021-04-26T07:37:31.845Z", "email": "bingobongo@yamdb.fake", "role": "user", "bio": "", "confirmation_code": "", "groups": [], "user_permissions": []}}, {"model": "users.user", "pk": 101, "fields": {"password": "", "last_login": null, "is_superuser": false, "username": "capt_obvious", "first_name": "", "last_name": "", "is_staff": false, "is_active": true, "date_joined": "2021-04-26T07:37:31.848Z", "email": "capt_obvious@yamdb.fake", "role": "admin", "bio": "", "confirmation_code": "", "groups": [], "user_permissions": []}}, {"model": "users.user", "pk": 102, "fields": {"password": "", "last_login": null, "is_superuser": false, "username": "faust", "first_name": "", "last_name": "", "is_staff": false, "is_active": true, "date_joined": "2021-04-26T07:37:31.849Z", "email": "faust@yamdb.fake", "role": "user", "bio": "", "confirmation_code": "", "groups": [], "user_permissions": []}}, {"model": "users.user", "pk": 103, "fields": {"password": "", "last_login": null, "is_superuser": false, "username": "reviewer", "first_name": "", "last_name": "", "is_staff": false, "is_active": true, "date_joined": "2021-04-26T07:37:31.851Z", "email": "reviewer@yamdb.fake", "role": "user", "bio": "", "confirmation_code": "", "groups": [], "user_permissions": []}}, {"model": "users.user", "pk": 104, "fields": {"password": "", "last_login": null, "is_superuser": false, "username": "angry", "first_name": "", "last_name": "", "is_staff": false, "is_active": true, "date_joined": "2021-04-26T07:37:31.853Z", "email": "angry@yamdb.fake", "role": "moderator", "bio": "", "confirmation_code": "", "groups": [], "user_permissions": []}}, {"model": "reviews.review", "pk": 1, "fields": {"title_id": 1, "text": "\u041e\u0442\u0437\u044b\u0432 1", "author": 1, "score": 10, "pub_date": "2021-05-04T13:10:11.584Z"}}, {"model": "reviews.review", "pk": 2, "fields": {"title_id": 1, "text": "\u041e\u0442\u0437\u044b\u0432 2", "author": 100, "score": 9, "pub_date": "2021-05-04T13:10:31.082Z"}}, {"model": "reviews.review", "pk": 3, "fields": {"title_id": 1, "text": "\u041e\u0442\u0437\u044b\u0432 3", "author": 101, "score": 8, "pub_date": "2021-05-04T13:10:49.824Z"}}, {"model": "reviews.review", "pk": 4, "fields": {"title_id": 2, "text": "\u041e\u0442\u0437\u044b\u0432 4", "author": 1, "score": 1, "pub_date": "2021-05-04T13:12:22.240Z"}}, {"model": "reviews.review", "pk": 5, "fields": {"title_id": 2, "text": "\u041e\u0442\u0437\u044b\u0432 5", "author": 104, "score": 2, "pub_date": "2021-05-04T13:12:38.327Z"}}, {"model": "reviews.review", "pk": 6, "fields": {"title_id": 2, "text": "\u041e\u0442\u0437\u044b\u0432 6", "author": 100, "score": 3, "pub_date": "2021-05-04T13:12:52.691Z"}}, {"model": "admin.logentry", "pk": 1, "fields": {"action_time": "2021-04-26T07:37:31.938Z", "user": 1, "content_type": 10, "object_id": "100", "object_repr": "bingobongo", "action_flag": 1, "change_message": "new through import_export"}}, {"model": "admin.logentry", "pk": 2, "fields": {"action_time": "2021-04-26T07:37:32.021Z", "user": 1, "content_type": 10, "object_id": "101", "object_repr": "capt_obvious", "action_flag": 1, "change_message": "new through import_export"}}, {"model": "admin.logentry", "pk": 3, "fields": {"action_time": "2021-04-26T07:37:32.095Z", "user": 1, "content_type": 10, "object_id": "102", "object_repr": "faust", "action_flag": 1, "change_message": "new through import_export"}}, {"model": "admin.logentry", "pk": 4, "fields": {"action_time": "2021-04-26T07:37:32.190Z", "user": 1, "content_type": 10, "object_id": "103", "object_repr": "reviewer", "action_flag": 1, "change_message": "new through import_export"}}, {"model": "admin.logentry", "pk": 5, "fields": {"action_time": "2021-04-26T07:37:32.288Z", "user": 1, "content_type": 10, "object_id": "104", "object_repr": "angry", "action_flag": 1, "change_message": "new through import_export"}}, {"model": "admin.logentry", "pk": 6, "fields": {"action_time": "2021-04-26T10:42:53.067Z", "user": 1, "content_type": 11, "object_id": "1", "object_repr": "\u0424\u0438\u043b\u044c\u043c", "action_flag": 1, "change_message": "new through import_export"}}, {"model": "admin.logentry", "pk": 7, "fields": {"action_time": "2021-04-26T10:42:53.148Z", "user": 1, "content_type": 11, "object_id": "2", "object_repr": "\u041a\u043d\u0438\u0433\u0430", "action_flag": 1, "change_message": "new through import_export"}}, {"model": "admin.logentry", "pk": 8, "fields": {"action_time": "2021-04-26T10:42:53.222Z", "user": 1, "content_type": 11, "object_id": "3", "object_repr": "\u041c\u0443\u0437\u044b\u043a\u0430", "action_flag": 1, "change_message": "new through import_export"}}, {"model": "admin.logentry", "pk": 9, "fields": {"action_time": "2021-04-26T10:43:38.574Z", "user": 1, "content_type": 12, "object_id": "1", "object_repr": "\u0414\u0440\u0430\u043c\u0430", "action_flag": 1, "change_message": "new through import_export"}}, {"model": "admin.logentry", "pk": 10, "fields": {"action_time": "2021-04-26T10:43:38.657Z", "user": 1, "content_type": 12, "object_id": "2", "object_repr": "\u041a\u043e\u043c\u0435\u0434\u0438\u044f", "action_flag": 1, "change_message": "new through import_export"}}, {"model": "admin.logentry", "pk": 11, "fields": {"action_time": "2021-04-26T10:43:38.741Z", "user": 1, "content_type": 12, "object_id": "3", "object_repr": "\u0412\u0435\u0441\u0442\u0435\u0440\u043d", "action_flag": 1, "change_message": "new through import_export"}}, {"model": "admin.logentry", "pk": 12, "fields": {"action_time": "2021-04-26T10:43:38.816Z", "user": 1, "content_type": 12, "object_id": "4", "object_repr": "\u0424\u044d\u043d\u0442\u0435\u0437\u0438", "action_flag": 1, "change_message": "new through import_export"}}, {"model": "admin.logentry", "pk": 13, "fields": {"action_time": "2021-04-26T10:43:38.890Z", "user": 1, "content_type": 12, "object_id": "5", "object_repr": "\u0424\u0430\u043d\u0442\u0430\u0441\u0442\u0438\u043a\u0430", "action_flag": 1, "change_message": "new through import_export"}}, {"model": "admin.logentry", "pk": 14, "fields": {"action_time": "2021-04-26T10:43:38.964Z", "user": 1, "content_type": 12, "object_id": "6", "object_repr": "\u0414\u0435\u0442\u0435\u043a\u0442\u0438\u0432", "action_flag": 1, "change_message": "new through import_export"}}, {"model": "admin.logentry", "pk": 15, "fields": {"action_time": "2021-04-26T10:43:39.037Z", "user": 1, "content_type": 12, "object_id": "7", "object_repr": "\u0422\u0440\u0438\u043b\u043b\u0435\u0440", "action_flag": 1, "change_message": "new through import_export"}}, {"model": "admin.logentry", "pk": 16, "fields": {"action_time": "2021-04-26T10:43:39.111Z", "user": 1, "content_type": 12, "object_id": "8", "object_repr": "\u0421\u043a\u0430\u0437\u043a\u0430", "action_flag": 1, "change_message": "new through import_export"}}, {"model": "admin.logentry", "pk": 17, "fields": {"action_time": "2021-04-26T10:43:39.185Z", "user": 1, "content_type": 12, "object_id": "9", "object_repr": "\u0413\u043e\u043d\u0437\u043e", "action_flag": 1, "change_message": "new through import_export"}}, {"model": "admin.logentry", "pk": 18, "fields": {"action_time": "2021-04-26T10:43:39.259Z", "user": 1, "content_type": 12, "object_id": "10", "object_repr": "\u0420\u043e\u043c\u0430\u043d", "action_flag": 1, "change_message": "new through import_export"}}, {"model": "admin.logentry", "pk": 19, "fields": {"action_time": "2021-04-26T10:43:39.344Z", "user": 1, "content_type": 12, "object_id": "11", "object_repr": "\u0411\u0430\u043b\u043b\u0430\u0434\u0430", "action_flag": 1, "change_message": "new through import_export"}}, {"model": "admin.logentry", "pk": 20, "fields": {"action_time": "2021-04-26T10:43:39.418Z", "user": 1, "content_type": 12, "object_id": "12", "object_repr": "Rock-n-roll", "action_flag": 1, "change_message": "new through import_export"}}, {"model": "admin.logentry", "pk": 21, "fields": {"action_time": "2021-04-26T10:43:39.492Z", "user": 1, "content_type": 12, "object_id": "13", "object_repr": "\u041a\u043b\u0430\u0441\u0441\u0438\u043a\u0430", "action_flag": 1, "change_message": "new through import_export"}}, {"model": "admin.logentry", "pk": 22, "fields": {"action_time": "2021-04-26T10:43:39.566Z", "user": 1, "content_type": 12, "object_id": "14", "object_repr": "\u0420\u043e\u043a", "action_flag": 1, "change_message": "new through import_export"}}, {"model": "admin.logentry", "pk": 23, "fields": {"action_time": "2021-04-26T10:43:39.640Z", "user": 1, "content_type": 12, "object_id": "15", "object_repr": "\u0428\u0430\u043d\u0441\u043e\u043d", "action_flag": 1, "change_message": "new through import_export"}}, {"model": "admin.logentry", "pk": 24, "fields": {"action_time": "2021-04-26T10:44:17.303Z", "user": 1, "content_type": 13, "object_id": "1", "object_repr": "\u041f\u043e\u0431\u0435\u0433 \u0438\u0437 \u0428\u043e\u0443\u0448\u0435\u043d\u043a\u0430", "action_flag": 1, "change_message": "new through import_export"}}, {"model": "admin.logentry", "pk": 25, "fields": {"action_time": "2021-04-26T10:44:17.387Z", "user": 1, "content_type": 13, "object_id": "2", "object_repr": "\u041a\u0440\u0435\u0441\u0442\u043d\u044b\u0439 \u043e\u0442\u0435\u0446", "action_flag": 1, "change_message": "new through import_export"}}, {"model": "admin.logentry", "pk": 26, "fields": {"action_time": "2021-04-26T10:44:17.471Z", "user": 1, "content_type": 13, "object_id": "3", "object_repr": "12 \u0440\u0430\u0437\u0433\u043d\u0435\u0432\u0430\u043d\u043d\u044b\u0445 \u043c\u0443\u0436\u0447\u0438\u043d", "action_flag": 1, "change_message": "new through import_export"}}, {"model": "admin.logentry", "pk": 27, "fields": {"action_time": "2021-04-26T10:44:17.545Z", "user": 1, "content_type": 13, "object_id": "4", "object_repr": "\u0421\u043f\u0438\u0441\u043e\u043a \u0428\u0438\u043d\u0434\u043b\u0435\u0440\u0430", "action_flag": 1, "change_message": "new through import_export"}}, {"model": "admin.logentry", "pk": 28, "fields": {"action_time": "2021-04-26T10:44:17.630Z", "user": 1, "content_type": 13, "object_id": "5", "object_repr": "\u041a\u0440\u0438\u043c\u0438\u043d\u0430\u043b\u044c\u043d\u043e\u0435 \u0447\u0442\u0438\u0432\u043e", "action_flag": 1, "change_message": "new through import_export"}}, {"model": "admin.logentry", "pk": 29, "fields": {"action_time": "2021-04-26T10:44:17.715Z", "user": 1, "content_type": 13, "object_id": "6", "object_repr": "\u0425\u043e\u0440\u043e\u0448\u0438\u0439, \u043f\u043b\u043e\u0445\u043e\u0439, \u0437\u043b\u043e\u0439", "action_flag": 1, "change_message": "new through import_export"}}, {"model": "admin.logentry", "pk": 30, "fields": {"action_time": "2021-04-26T10:44:17.788Z", "user": 1, "content_type": 13, "object_id": "7", "object_repr": "\u0412\u043b\u0430\u0441\u0442\u0435\u043b\u0438\u043d \u043a\u043e\u043b\u0435\u0446: \u0411\u0440\u0430\u0442\u0441\u0442\u0432\u043e \u043a\u043e\u043b\u044c\u0446\u0430", "action_flag": 1, "change_message": "new through import_export"}}, {"model": "admin.logentry", "pk": 31, "fields": {"action_time": "2021-04-26T10:44:17.862Z", "user": 1, "content_type": 13, "object_id": "8", "object_repr": "\u0411\u043e\u0439\u0446\u043e\u0432\u0441\u043a\u0438\u0439 \u043a\u043b\u0443\u0431", "action_flag": 1, "change_message": "new through import_export"}}, {"model": "admin.logentry", "pk": 32, "fields": {"action_time": "2021-04-26T10:44:17.937Z", "user": 1, "content_type": 13, "object_id": "9", "object_repr": "\u0424\u043e\u0440\u0440\u0435\u0441\u0442 \u0413\u0430\u043c\u043f", "action_flag": 1, "change_message": "new through import_export"}}, {"model": "admin.logentry", "pk": 33, "fields": {"action_time": "2021-04-26T10:44:18.011Z", "user": 1, "content_type": 13, "object_id": "10", "object_repr": "\u0417\u0432\u0451\u0437\u0434\u043d\u044b\u0435 \u0432\u043e\u0439\u043d\u044b. \u042d\u043f\u0438\u0437\u043e\u0434 5: \u0418\u043c\u043f\u0435\u0440\u0438\u044f \u043d\u0430\u043d\u043e\u0441\u0438\u0442 \u043e\u0442\u0432\u0435\u0442\u043d\u044b\u0439 \u0443\u0434\u0430\u0440", "action_flag": 1, "change_message": "new through import_export"}}, {"model": "admin.logentry", "pk": 34, "fields": {"action_time": "2021-04-26T10:44:18.084Z", "user": 1, "content_type": 13, "object_id": "11", "object_repr": "\u0412\u043b\u0430\u0441\u0442\u0435\u043b\u0438\u043d \u043a\u043e\u043b\u0435\u0446: \u0414\u0432\u0435 \u043a\u0440\u0435\u043f\u043e\u0441\u0442\u0438", "action_flag": 1, "change_message": "new through import_export"}}, {"model": "admin.logentry", "pk": 35, "fields": {"action_time": "2021-04-26T10:44:18.158Z", "user": 1, "content_type": 13, "object_id": "12", "object_repr": "\u041c\u0430\u0442\u0440\u0438\u0446\u0430", "action_flag": 1, "change_message": "new through import_export"}}, {"model": "admin.logentry", "pk": 36, "fields": {"action_time": "2021-04-26T10:44:18.232Z", "user": 1, "content_type": 13, "object_id": "13", "object_repr": "\u041f\u0440\u043e\u043b\u0435\u0442\u0430\u044f \u043d\u0430\u0434 \u0433\u043d\u0435\u0437\u0434\u043e\u043c \u043a\u0443\u043a\u0443\u0448\u043a\u0438", "action_flag": 1, "change_message": "new through import_export"}}, {"model": "admin.logentry", "pk": 37, "fields": {"action_time": "2021-04-26T10:44:18.306Z", "user": 1, "content_type": 13, "object_id": "14", "object_repr": "\u041d\u0430\u0437\u0430\u0434 \u0432 \u0431\u0443\u0434\u0443\u0449\u0435\u0435", "action_flag": 1, "change_message": "new through import_export"}}, {"model": "admin.logentry", "pk": 38, "fields": {"action_time": "2021-04-26T10:44:18.379Z", "user": 1, "content_type": 13, "object_id": "15", "object_repr": "\u041e\u043f\u0435\u0440\u0430\u0446\u0438\u044f \u00ab\u042b\u00bb \u0438 \u0434\u0440\u0443\u0433\u0438\u0435 \u043f\u0440\u0438\u043a\u043b\u044e\u0447\u0435\u043d\u0438\u044f \u0428\u0443\u0440\u0438\u043a\u0430", "action_flag": 1, "change_message": "new through import_export"}}, {"model": "admin.logentry", "pk": 39, "fields": {"action_time": "2021-04-26T10:44:18.453Z", "user": 1, "content_type": 13, "object_id": "16", "object_repr": "\u041a\u0430\u0440\u0442\u044b, \u0434\u0435\u043d\u044c\u0433\u0438, \u0434\u0432\u0430 \u0441\u0442\u0432\u043e\u043b\u0430", "action_flag": 1, "change_message": "new through import_export"}}, {"model": "admin.logentry", "pk": 40, "fields": {"action_time": "2021-04-26T10:44:18.527Z", "user": 1, "content_type": 13, "object_id": "17", "object_repr": "\u0414\u0436\u0435\u043d\u0442\u043b\u044c\u043c\u0435\u043d\u044b \u0443\u0434\u0430\u0447\u0438 ", "action_flag": 1, "change_message": "new through import_export"}}, {"model": "admin.logentry", "pk": 41, "fields": {"action_time": "2021-04-26T10:44:18.601Z", "user": 1, "content_type": 13, "object_id": "18", "object_repr": "\u0414\u0436\u0430\u043d\u0433\u043e \u043e\u0441\u0432\u043e\u0431\u043e\u0436\u0434\u0435\u043d\u043d\u044b\u0439", "action_flag": 1, "change_message": "new through import_export"}}, {"model": "admin.logentry", "pk": 42, "fields": {"action_time": "2021-04-26T10:44:18.675Z", "user": 1, "content_type": 13, "object_id": "19", "object_repr": "Generation \u041f", "action_flag": 1, "change_message": "new through import_export"}}, {"model": "admin.logentry", "pk": 43, "fields": {"action_time": "2021-04-26T10:44:18.749Z", "user": 1, "content_type": 13, "object_id": "20", "object_repr": "\u041a\u043e\u043b\u043e\u0431\u043e\u043a", "action_flag": 1, "change_message": "new through import_export"}}, {"model": "admin.logentry", "pk": 44, "fields": {"action_time": "2021-04-26T10:44:18.823Z", "user": 1, "content_type": 13, "object_id": "21", "object_repr": "\u0421\u0442\u0440\u0430\u0445 \u0438 \u043d\u0435\u043d\u0430\u0432\u0438\u0441\u0442\u044c \u0432 \u041b\u0430\u0441-\u0412\u0435\u0433\u0430\u0441\u0435", "action_flag": 1, "change_message": "new through import_export"}}, {"model": "admin.logentry", "pk": 45, "fields": {"action_time": "2021-04-26T10:44:18.896Z", "user": 1, "content_type": 13, "object_id": "22", "object_repr": "\u0412\u043e\u0439\u043d\u0430 \u0438 \u043c\u0438\u0440", "action_flag": 1, "change_message": "new through import_export"}}, {"model": "admin.logentry", "pk": 46, "fields": {"action_time": "2021-04-26T10:44:19.055Z", "user": 1, "content_type": 13, "object_id": "23", "object_repr": "\u0423\u043b\u0438\u0441\u0441", "action_flag": 1, "change_message": "new through import_export"}}, {"model": "admin.logentry", "pk": 47, "fields": {"action_time": "2021-04-26T10:44:19.128Z", "user": 1, "content_type": 13, "object_id": "24", "object_repr": "Generation \u041f", "action_flag": 1, "change_message": "new through import_export"}}, {"model": "admin.logentry", "pk": 48, "fields": {"action_time": "2021-04-26T10:44:19.202Z", "user": 1, "content_type": 13, "object_id": "25", "object_repr": "\u0412\u0438\u043d\u043d\u0438 \u041f\u0443\u0445 \u0438 \u0432\u0441\u0435-\u0432\u0441\u0435-\u0432\u0441\u0435", "action_flag": 1, "change_message": "new through import_export"}}, {"model": "admin.logentry", "pk": 49, "fields": {"action_time": "2021-04-26T10:44:19.276Z", "user": 1, "content_type": 13, "object_id": "26", "object_repr": "\u0421\u0442\u0430\u0441 \u041c\u0438\u0445\u0430\u0439\u043b\u043e\u0432 - \u041f\u043e\u0437\u044b\u0432\u043d\u044b\u0435 \u043d\u0430 \u043b\u044e\u0431\u043e\u0432\u044c", "action_flag": 1, "change_message": "new through import_export"}}, {"model": "admin.logentry", "pk": 50, "fields": {"action_time": "2021-04-26T10:44:19.350Z", "user": 1, "content_type": 13, "object_id": "27", "object_repr": "Led Zeppelin \u2014 Stairway to Heaven", "action_flag": 1, "change_message": "new through import_export"}}, {"model": "admin.logentry", "pk": 51, "fields": {"action_time": "2021-04-26T10:44:19.424Z", "user": 1, "content_type": 13, "object_id": "28", "object_repr": "Jethro Tull - Aqualung", "action_flag": 1, "change_message": "new through import_export"}}, {"model": "admin.logentry", "pk": 52, "fields": {"action_time": "2021-04-26T10:44:19.498Z", "user": 1, "content_type": 13, "object_id": "29", "object_repr": "Elvis Presley - Blue Suede Shoes", "action_flag": 1, "change_message": "new through import_export"}}, {"model": "admin.logentry", "pk": 53, "fields": {"action_time": "2021-04-26T10:44:19.572Z", "user": 1, "content_type": 13, "object_id": "30", "object_repr": "Deep Purple \u2014 Smoke on the Water", "action_flag": 1, "change_message": "new through import_export"}}, {"model": "admin.logentry", "pk": 54, "fields": {"action_time": "2021-04-26T10:44:19.645Z", "user": 1, "content_type": 13, "object_id": "31", "object_repr": "\u041c\u043e\u0446\u0430\u0440\u0442 - \u0422\u0443\u0440\u0435\u0446\u043a\u0438\u0439 \u043c\u0430\u0440\u0448", "action_flag": 1, "change_message": "new through import_export"}}, {"model": "admin.logentry", "pk": 55, "fields": {"action_time": "2021-04-26T10:44:19.719Z", "user": 1, "content_type": 13, "object_id": "32", "object_repr": "\u0411\u0430\u0445. \u041e\u0440\u043a\u0435\u0441\u0442\u0440\u043e\u0432\u0430\u044f \u0421\u044e\u0438\u0442\u0430 \u21162 \u0441\u0438 \u043c\u0438\u043d\u043e\u0440", "action_flag": 1, "change_message": "new through import_export"}}, {"model": "admin.logentry", "pk": 56, "fields": {"action_time": "2021-04-26T11:10:37.529Z", "user": 1, "content_type": 13, "object_id": "32", "object_repr": "\u0411\u0430\u0445. \u041e\u0440\u043a\u0435\u0441\u0442\u0440\u043e\u0432\u0430\u044f \u0421\u044e\u0438\u0442\u0430 \u21162 \u0441\u0438 \u043c\u0438\u043d\u043e\u0440", "action_flag": 2, "change_message": "[{\"changed\": {\"fields\": [\"Genre\"]}}]"}}, {"model": "admin.logentry", "pk": 57, "fields": {"action_time": "2021-04-26T11:10:41.264Z", "user": 1, "content_type": 13, "object_id": "32", "object_repr": "\u0411\u0430\u0445. \u041e\u0440\u043a\u0435\u0441\u0442\u0440\u043e\u0432\u0430\u044f \u0421\u044e\u0438\u0442\u0430 \u21162 \u0441\u0438 \u043c\u0438\u043d\u043e\u0440", "action_flag": 2, "change_message": "[]"}}, {"model": "admin.logentry", "pk": 58, "fields": {"action_time": "2021-04-26T11:12:48.075Z", "user": 1, "content_type": 13, "object_id": "14", "object_repr": "\u041d\u0430\u0437\u0430\u0434 \u0432 \u0431\u0443\u0434\u0443\u0449\u0435\u0435", "action_flag": 2, "change_message": "[{\"changed\": {\"fields\": [\"Genre\"]}}]"}}, {"model": "admin.logentry", "pk": 59, "fields": {"action_time": "2021-04-26T11:12:58.732Z", "user": 1, "content_type": 13, "object_id": "30", "object_repr": "Deep Purple \u2014 Smoke on the Water", "action_flag": 2, "change_message": "[{\"changed\": {\"fields\": [\"Genre\"]}}]"}}, {"model": "admin.logentry", "pk": 60, "fields": {"action_time": "2021-04-26T11:13:05.170Z", "user": 1, "content_type": 13, "object_id": "29", "object_repr": "Elvis Presley - Blue Suede Shoes", "action_flag": 2, "change_message": "[{\"changed\": {\"fields\": [\"Genre\"]}}]"}}, {"model": "admin.logentry", "pk": 61, "fields": {"action_time": "2021-04-26T11:13:20.441Z", "user": 1, "content_type": 13, "object_id": "28", "object_repr": "Jethro Tull - Aqualung", "action_flag": 2, "change_message": "[{\"changed\": {\"fields\": [\"Genre\"]}}]"}}, {"model": "admin.logentry", "pk": 62, "fields": {"action_time": "2021-04-26T11:13:30.069Z", "user": 1, "content_type": 13, "object_id": "27", "object_repr": "Led Zeppelin \u2014 Stairway to Heaven", "action_flag": 2, "change_message": "[{\"changed\": {\"fields\": [\"Genre\"]}}]"}}, {"model": "admin.logentry", "pk": 63, "fields": {"action_time": "2021-04-26T11:13:38.024Z", "user": 1, "content_type": 13, "object_id": "26", "object_repr": "\u0421\u0442\u0430\u0441 \u041c\u0438\u0445\u0430\u0439\u043b\u043e\u0432 - \u041f\u043e\u0437\u044b\u0432\u043d\u044b\u0435 \u043d\u0430 \u043b\u044e\u0431\u043e\u0432\u044c", "action_flag": 2, "change_message": "[{\"changed\": {\"fields\": [\"Genre\"]}}]"}}, {"model": "admin.logentry", "pk": 64, "fields": {"action_time": "2021-04-26T11:13:47.988Z", "user": 1, "content_type": 13, "object_id": "25", "object_repr": "\u0412\u0438\u043d\u043d\u0438 \u041f\u0443\u0445 \u0438 \u0432\u0441\u0435-\u0432\u0441\u0435-\u0432\u0441\u0435", "action_flag": 2, "change_message": "[{\"changed\": {\"fields\": [\"Genre\"]}}]"}}, {"model": "admin.logentry", "pk": 65, "fields": {"action_time": "2021-04-26T11:13:56.282Z", "user": 1, "content_type": 13, "object_id": "24", "object_repr": "Generation \u041f", "action_flag": 2, "change_message": "[{\"changed\": {\"fields\": [\"Genre\"]}}]"}}, {"model": "admin.logentry", "pk": 66, "fields": {"action_time": "2021-04-26T11:14:02.281Z", "user": 1, "content_type": 13, "object_id": "23", "object_repr": "\u0423\u043b\u0438\u0441\u0441", "action_flag": 2, "change_message": "[{\"changed\": {\"fields\": [\"Genre\"]}}]"}}, {"model": "admin.logentry", "pk": 67, "fields": {"action_time": "2021-04-26T11:14:11.165Z", "user": 1, "content_type": 13, "object_id": "22", "object_repr": "\u0412\u043e\u0439\u043d\u0430 \u0438 \u043c\u0438\u0440", "action_flag": 2, "change_message": "[{\"changed\": {\"fields\": [\"Genre\"]}}]"}}, {"model": "admin.logentry", "pk": 68, "fields": {"action_time": "2021-04-26T11:14:18.935Z", "user": 1, "content_type": 13, "object_id": "21", "object_repr": "\u0421\u0442\u0440\u0430\u0445 \u0438 \u043d\u0435\u043d\u0430\u0432\u0438\u0441\u0442\u044c \u0432 \u041b\u0430\u0441-\u0412\u0435\u0433\u0430\u0441\u0435", "action_flag": 2, "change_message": "[{\"changed\": {\"fields\": [\"Genre\"]}}]"}}, {"model": "admin.logentry", "pk": 69, "fields": {"action_time": "2021-04-26T11:14:29.058Z", "user": 1, "content_type": 13, "object_id": "20", "object_repr": "\u041a\u043e\u043b\u043e\u0431\u043e\u043a", "action_flag": 2, "change_message": "[{\"changed\": {\"fields\": [\"Genre\"]}}]"}}, {"model": "admin.logentry", "pk": 70, "fields": {"action_time": "2021-04-26T11:14:38.842Z", "user": 1, "content_type": 13, "object_id": "19", "object_repr": "Generation \u041f", "action_flag": 2, "change_message": "[{\"changed\": {\"fields\": [\"Genre\"]}}]"}}, {"model": "admin.logentry", "pk": 71, "fields": {"action_time": "2021-04-26T11:14:45.583Z", "user": 1, "content_type": 13, "object_id": "18", "object_repr": "\u0414\u0436\u0430\u043d\u0433\u043e \u043e\u0441\u0432\u043e\u0431\u043e\u0436\u0434\u0435\u043d\u043d\u044b\u0439", "action_flag": 2, "change_message": "[{\"changed\": {\"fields\": [\"Genre\"]}}]"}}, {"model": "admin.logentry", "pk": 72, "fields": {"action_time": "2021-04-26T11:14:51.907Z", "user": 1, "content_type": 13, "object_id": "17", "object_repr": "\u0414\u0436\u0435\u043d\u0442\u043b\u044c\u043c\u0435\u043d\u044b \u0443\u0434\u0430\u0447\u0438", "action_flag": 2, "change_message": "[{\"changed\": {\"fields\": [\"\\u041d\\u0430\\u0437\\u0432\\u0430\\u043d\\u0438\\u0435 \\u043f\\u0440\\u043e\\u0438\\u0437\\u0432\\u0435\\u0434\\u0435\\u043d\\u0438\\u044f\", \"Genre\"]}}]"}}, {"model": "admin.logentry", "pk": 73, "fields": {"action_time": "2021-04-26T11:15:25.134Z", "user": 1, "content_type": 13, "object_id": "16", "object_repr": "\u041a\u0430\u0440\u0442\u044b, \u0434\u0435\u043d\u044c\u0433\u0438, \u0434\u0432\u0430 \u0441\u0442\u0432\u043e\u043b\u0430", "action_flag": 2, "change_message": "[{\"changed\": {\"fields\": [\"Genre\"]}}]"}}, {"model": "admin.logentry", "pk": 74, "fields": {"action_time": "2021-04-26T11:15:36.246Z", "user": 1, "content_type": 13, "object_id": "15", "object_repr": "\u041e\u043f\u0435\u0440\u0430\u0446\u0438\u044f \u00ab\u042b\u00bb \u0438 \u0434\u0440\u0443\u0433\u0438\u0435 \u043f\u0440\u0438\u043a\u043b\u044e\u0447\u0435\u043d\u0438\u044f \u0428\u0443\u0440\u0438\u043a\u0430", "action_flag": 2, "change_message": "[{\"changed\": {\"fields\": [\"Genre\"]}}]"}}, {"model": "admin.logentry", "pk": 75, "fields": {"action_time": "2021-04-26T11:15:46.220Z", "user": 1, "content_type": 13, "object_id": "13", "object_repr": "\u041f\u0440\u043e\u043b\u0435\u0442\u0430\u044f \u043d\u0430\u0434 \u0433\u043d\u0435\u0437\u0434\u043e\u043c \u043a\u0443\u043a\u0443\u0448\u043a\u0438", "action_flag": 2, "change_message": "[{\"changed\": {\"fields\": [\"Genre\"]}}]"}}, {"model": "admin.logentry", "pk": 76, "fields": {"action_time": "2021-04-26T11:15:56.967Z", "user": 1, "content_type": 13, "object_id": "12", "object_repr": "\u041c\u0430\u0442\u0440\u0438\u0446\u0430", "action_flag": 2, "change_message": "[{\"changed\": {\"fields\": [\"Genre\"]}}]"}}, {"model": "admin.logentry", "pk": 77, "fields": {"action_time": "2021-04-26T11:16:04.480Z", "user": 1, "content_type": 13, "object_id": "11", "object_repr": "\u0412\u043b\u0430\u0441\u0442\u0435\u043b\u0438\u043d \u043a\u043e\u043b\u0435\u0446: \u0414\u0432\u0435 \u043a\u0440\u0435\u043f\u043e\u0441\u0442\u0438", "action_flag": 2, "change_message": "[{\"changed\": {\"fields\": [\"Genre\"]}}]"}}, {"model": "admin.logentry", "pk": 78, "fields": {"action_time": "2021-04-26T11:16:15.335Z", "user": 1, "content_type": 13, "object_id": "10", "object_repr": "\u0417\u0432\u0451\u0437\u0434\u043d\u044b\u0435 \u0432\u043e\u0439\u043d\u044b. \u042d\u043f\u0438\u0437\u043e\u0434 5: \u0418\u043c\u043f\u0435\u0440\u0438\u044f \u043d\u0430\u043d\u043e\u0441\u0438\u0442 \u043e\u0442\u0432\u0435\u0442\u043d\u044b\u0439 \u0443\u0434\u0430\u0440", "action_flag": 2, "change_message": "[{\"changed\": {\"fields\": [\"Genre\"]}}]"}}, {"model": "admin.logentry", "pk": 79, "fields": {"action_time": "2021-04-26T11:16:27.205Z", "user": 1, "content_type": 13, "object_id": "9", "object_repr": "\u0424\u043e\u0440\u0440\u0435\u0441\u0442 \u0413\u0430\u043c\u043f", "action_flag": 2, "change_message": "[{\"changed\": {\"fields\": [\"Genre\"]}}]"}}, {"model": "admin.logentry", "pk": 80, "fields": {"action_time": "2021-04-26T11:16:32.628Z", "user": 1, "content_type": 13, "object_id": "8", "object_repr": "\u0411\u043e\u0439\u0446\u043e\u0432\u0441\u043a\u0438\u0439 \u043a\u043b\u0443\u0431", "action_flag": 2, "change_message": "[{\"changed\": {\"fields\": [\"Genre\"]}}]"}}, {"model": "admin.logentry", "pk": 81, "fields": {"action_time": "2021-04-26T11:16:43.197Z", "user": 1, "content_type": 13, "object_id": "7", "object_repr": "\u0412\u043b\u0430\u0441\u0442\u0435\u043b\u0438\u043d \u043a\u043e\u043b\u0435\u0446: \u0411\u0440\u0430\u0442\u0441\u0442\u0432\u043e \u043a\u043e\u043b\u044c\u0446\u0430", "action_flag": 2, "change_message": "[{\"changed\": {\"fields\": [\"Genre\"]}}]"}}, {"model": "admin.logentry", "pk": 82, "fields": {"action_time": "2021-04-26T11:16:57.161Z", "user": 1, "content_type": 13, "object_id": "6", "object_repr": "\u0425\u043e\u0440\u043e\u0448\u0438\u0439, \u043f\u043b\u043e\u0445\u043e\u0439, \u0437\u043b\u043e\u0439", "action_flag": 2, "change_message": "[{\"changed\": {\"fields\": [\"Genre\"]}}]"}}, {"model": "admin.logentry", "pk": 83, "fields": {"action_time": "2021-04-26T11:17:11.651Z", "user": 1, "content_type": 13, "object_id": "1", "object_repr": "\u041f\u043e\u0431\u0435\u0433 \u0438\u0437 \u0428\u043e\u0443\u0448\u0435\u043d\u043a\u0430", "action_flag": 2, "change_message": "[{\"changed\": {\"fields\": [\"Genre\"]}}]"}}, {"model": "admin.logentry", "pk": 84, "fields": {"action_time": "2021-04-26T11:17:32.470Z", "user": 1, "content_type": 13, "object_id": "2", "object_repr": "\u041a\u0440\u0435\u0441\u0442\u043d\u044b\u0439 \u043e\u0442\u0435\u0446", "action_flag": 2, "change_message": "[{\"changed\": {\"fields\": [\"Genre\"]}}]"}}, {"model": "admin.logentry", "pk": 85, "fields": {"action_time": "2021-04-26T11:17:42.388Z", "user": 1, "content_type": 13, "object_id": "3", "object_repr": "12 \u0440\u0430\u0437\u0433\u043d\u0435\u0432\u0430\u043d\u043d\u044b\u0445 \u043c\u0443\u0436\u0447\u0438\u043d", "action_flag": 2, "change_message": "[{\"changed\": {\"fields\": [\"Genre\"]}}]"}}, {"model": "admin.logentry", "pk": 86, "fields": {"action_time": "2021-04-26T11:17:51.686Z", "user": 1, "content_type": 13, "object_id": "4", "object_repr": "\u0421\u043f\u0438\u0441\u043e\u043a \u0428\u0438\u043d\u0434\u043b\u0435\u0440\u0430", "action_flag": 2, "change_message": "[{\"changed\": {\"fields\": [\"Genre\"]}}]"}}, {"model": "admin.logentry", "pk": 87, "fields": {"action_time": "2021-04-26T11:18:01.944Z", "user": 1, "content_type": 13, "object_id": "5", "object_repr": "\u041a\u0440\u0438\u043c\u0438\u043d\u0430\u043b\u044c\u043d\u043e\u0435 \u0447\u0442\u0438\u0432\u043e", "action_flag": 2, "change_message": "[{\"changed\": {\"fields\": [\"Genre\"]}}]"}}, {"model": "admin.logentry", "pk": 88, "fields": {"action_time": "2021-04-26T12:34:48.907Z", "user": 1, "content_type": 13, "object_id": "33", "object_repr": "\u0422\u0435\u043c\u043d\u0430\u044f \u0411\u0430\u0448\u043d\u044f", "action_flag": 1, "change_message": "[{\"added\": {}}]"}}, {"model": "admin.logentry", "pk": 89, "fields": {"action_time": "2021-04-26T17:33:09.926Z", "user": 1, "content_type": 11, "object_id": "4", "object_repr": "\u041a\u043d\u0438\u0433\u0438", "action_flag": 1, "change_message": "[{\"added\": {}}]"}}, {"model": "admin.logentry", "pk": 90, "fields": {"action_time": "2021-04-26T17:33:28.413Z", "user": 1, "content_type": 11, "object_id": "4", "object_repr": "\u041a\u043d\u0438\u0433\u0438", "action_flag": 3, "change_message": ""}}, {"model": "admin.logentry", "pk": 91, "fields": {"action_time": "2021-04-27T08:39:01.848Z", "user": 1, "content_type": 12, "object_id": "16", "object_repr": "\u0421\u0442\u0430\u0442\u0443\u044d\u0442\u043a\u0430", "action_flag": 3, "change_message": ""}}, {"model": "admin.logentry", "pk": 92, "fields": {"action_time": "2021-04-27T08:55:21.516Z", "user": 1, "content_type": 12, "object_id": "19", "object_repr": "\u0423\u0436\u0430\u0441\u044b", "action_flag": 3, "change_message": ""}}, {"model": "admin.logentry", "pk": 93, "fields": {"action_time": "2021-04-27T15:26:53.542Z", "user": 1, "content_type": 13, "object_id": "37", "object_repr": "\u0410\u0439\u0444\u0430\u043a2", "action_flag": 3, "change_message": ""}}, {"model": "admin.logentry", "pk": 94, "fields": {"action_time": "2021-04-27T15:26:53.714Z", "user": 1, "content_type": 13, "object_id": "36", "object_repr": "\u0410\u0439\u0444\u0430\u043a2", "action_flag": 3, "change_message": ""}}, {"model": "admin.logentry", "pk": 95, "fields": {"action_time": "2021-04-27T15:28:27.880Z", "user": 1, "content_type": 13, "object_id": "35", "object_repr": "\u0410\u0439\u0444\u0430\u043a", "action_flag": 3, "change_message": ""}}, {"model": "admin.logentry", "pk": 96, "fields": {"action_time": "2021-04-27T15:30:52.425Z", "user": 1, "content_type": 13, "object_id": "38", "object_repr": "\u0410\u0439\u0444\u0430\u043a2", "action_flag": 3, "change_message": ""}}, {"model": "admin.logentry", "pk": 97, "fields": {"action_time": "2021-04-28T06:00:43.919Z", "user": 1, "content_type": 13, "object_id": "41", "object_repr": "\u041d\u0430\u0437\u0430\u0434 \u0432 \u0431\u0443\u0434\u0443\u0449\u0435\u0435", "action_flag": 3, "change_message": ""}}, {"model": "admin.logentry", "pk": 98, "fields": {"action_time": "2021-04-28T06:00:44.085Z", "user": 1, "content_type": 13, "object_id": "40", "object_repr": "\u041d\u0430\u0437\u0430\u0434 \u0432 \u0431\u0443\u0434\u0443\u0449\u0435\u0435", "action_flag": 3, "change_message": ""}}, {"model": "admin.logentry", "pk": 99, "fields": {"action_time": "2021-05-04T13:10:11.886Z", "user": 1, "content_type": 8, "object_id": "1", "object_repr": "Review object (1)", "action_flag": 1, "change_message": "[{\"added\": {}}]"}}, {"model": "admin.logentry", "pk": 100, "fields": {"action_time": "2021-05-04T13:10:31.084Z", "user": 1, "content_type": 8, "object_id": "2", "object_repr": "Review object (2)", "action_flag": 1, "change_message": "[{\"added\": {}}]"}}, {"model": "admin.logentry", "pk": 101, "fields": {"action_time": "2021-05-04T13:10:49.827Z", "user": 1, "content_type": 8, "object_id": "3", "object_repr": "Review object (3)", "action_flag": 1, "change_message": "[{\"added\": {}}]"}}, {"model": "admin.logentry", "pk": 102, "fields": {"action_time": "2021-05-04T13:12:22.540Z", "user": 1, "content_type": 8, "object_id": "4", "object_repr": "Review object (4)", "action_flag": 1, "change_message": "[{\"added\": {}}]"}}, {"model": "admin.logentry", "pk": 103, "fields": {"action_time": "2021-05-04T13:12:38.331Z", "user": 1, "content_type": 8, "object_id": "5", "object_repr": "Review object (5)", "action_flag": 1, "change_message": "[{\"added\": {}}]"}}, {"model": "admin.logentry", "pk": 104, "fields": {"action_time": "2021-05-04T13:12:52.694Z", "user": 1, "content_type": 8, "object_id": "6", "object_repr": "Review object (6)", "action_flag": 1, "change_message": "[{\"added\": {}}]"}}]